{"STG_PAYMENTS": {"columns": ["AMOUNT", "PAYMENT_METHOD", "PAYMENT_ID", "ORDER_ID", "STATUS", "CREATED_AT"], "step_id": "c0641b1c47f16ae0224f47fafcecbc0fcbed3b5deca0dfcf8446ef3057f15e75", "columns_with_ids": [{"column_name": "PAYMENT_ID", "column_counter_id": "d5cbff92f0e6abb64dc48c4bf3a00606b93851558d8940037f5d7d04e3ce523b"}, {"column_name": "*", "column_counter_id": "cd408bb221fd73c7545be7c5e6ab75e95b602f8a4632bc7fcb2eefcd2fab117d"}, {"column_name": "AMOUNT", "column_counter_id": "d9c3c5fd3fe82b5918a345d1ec3436ed067624392f6813abc6d94aee0d121205"}, {"column_name": "ORDER_ID", "column_counter_id": "091a47b16670ed8b892bf5e2c7457526ebef32f7deea59ff6c0e92e959139f2c"}, {"column_name": "STATUS", "column_counter_id": "3c347b08bb8aab36d96ab41814f35aa5bb076b8334312bb9f68c30b545b0645e"}, {"column_name": "PAYMENT_METHOD", "column_counter_id": "202434074cb7278cce6e235083ef66be6ff0e0d3080c9b318cc97e54df58779a"}, {"column_name": "PAYMENT_ID", "column_counter_id": "31496dbd580a4882ace7a5094929fbd8d5f4d1d1b98858929efd9b800306402e"}, {"column_name": "CREATED_AT", "column_counter_id": "679616d4e3223bde62d821799fdae9fce13084a9c045d4d50ab94f8a84e5874b"}], "storage_location": "DBT_GGITHIRI"}}