{"STG_CALLS": {"columns": ["DELETED", "CALL_DURATION", "CALL_DATE", "CUSTOMERS_PHONE", "CALL_DIRECTION", "ID", "CUSTOMER_ID", "SKYTREND_PHONELINE", "DATETIME", "MOBILE_CALLS", "COMMENT"], "step_id": "e3c66d8991989ed7e0a2c64ae2e116efadfcd16b4f2e442c758df4f4fa0cc56f", "columns_with_ids": [{"column_name": "CALL_DATE", "column_counter_id": "0ad75b4211beae9db3cacf5b95f745c82cf38b180716ac412fa080d145d95cbc"}, {"column_name": "SKYTREND_PHONELINE", "column_counter_id": "b959c830be77d8d4e69c0254431232b5436c65f694d244af460dc22f04110772"}, {"column_name": "DATETIME", "column_counter_id": "dd53d2fc798224790c1aa4ea9aa1d09e12fb3bd5a045a7b2fdbe336a5230bf29"}, {"column_name": "DELETED", "column_counter_id": "72b63386cd785b135eccb86dbc501c46559086b006de60ce5344ecb295e06ef3"}, {"column_name": "COMMENT", "column_counter_id": "925ab02de3b5be9850091e44fef7e3d1fce47230234e7931fed69fefc05d5151"}, {"column_name": "ID", "column_counter_id": "76bf1082215b11750fd8796bee172ad3f7f9de25b94e980949d1498e760d4ecb"}, {"column_name": "CUSTOMER_ID", "column_counter_id": "9c3032330c1891f5e967fe14bee73439d79025a73453cf93dc1373a669e72db1"}, {"column_name": "CUSTOMERS_PHONE", "column_counter_id": "b9f03f2bcbf4bfc4373336a943a7afe8a87b2a282148fb91ac62788fea509300"}, {"column_name": "CALL_DURATION", "column_counter_id": "3c72baa7bdf8aa4f5ff3509d0d20d34c8eecd952226ce1907e1bd571f50f2b38"}, {"column_name": "*", "column_counter_id": "23a230ea547bf5568273dc05a88fbdb41d404a22d02be064c94c59bd2addae04"}, {"column_name": "CALL_DIRECTION", "column_counter_id": "72524aff632dc11ae86866eb69521fed18bb185bf69efe9de21a241384eef298"}, {"column_name": "CALL_DURATION", "column_counter_id": "bab470b3d827b82e2a656476ad2bf3d6dd15cf15d3f8db61055c688e8553c590"}, {"column_name": "COMMENT", "column_counter_id": "19550330490778fdf64f5501d70cf5f7cedb099400cd7cb8d2f2d68cc2dc9b19"}, {"column_name": "CUSTOMER_ID", "column_counter_id": "bef915c21e5593777bae6434fe153bcce9610f57b308e9fd23e0f2f4f35bf990"}, {"column_name": "DATETIME", "column_counter_id": "7f7facbdb0451160af2afcd6636835371a6f5d8939b4fc8a8ed32630b48c8cd4"}, {"column_name": "ID", "column_counter_id": "3cc2a964d36146921fc13f0d7581731f9bbf53731d1a46734e4dad5c6172e44e"}, {"column_name": "MOBILE_CALLS", "column_counter_id": "9cd1f4cf65f7ff7a7b09931019845bb7f324b5b6878a56416221a2097070db58"}, {"column_name": "ID", "column_counter_id": "55496a1fd860193c695f1cb4fef735bfac768d6b1255362322f5ad214ed2f885"}, {"column_name": "SKYTREND_PHONELINE", "column_counter_id": "eec4e1778abd5f57c0755195ab67f0b1e1908e172d6af9449f6f40e65157c823"}, {"column_name": "CALL_DURATION", "column_counter_id": "f67509c8b3e355b13e2c488850ce094de174ce4582a426fd7cf587de51072acc"}, {"column_name": "CALL_DIRECTION", "column_counter_id": "517ef773e009190db42a1725b6b3e92b99b29d52c8e7b8da6e0d064231c5f8d8"}, {"column_name": "COMMENT", "column_counter_id": "f191a56af1fe1f110d1488b802959895ea8bb9bdfa3c48510e9b741c23366420"}, {"column_name": "CUSTOMER_ID", "column_counter_id": "253dad9e33d39c073b0890e8898859a0c788fdf041ecfc7ad6ca298ba498667f"}, {"column_name": "DATETIME", "column_counter_id": "6c9661b4fde31cba762d7a590e5039aef2a7001f2ae4fb0743a7383ff039e8f1"}, {"column_name": "DELETED", "column_counter_id": "bab40ce3fbad57ea7e4597f35fcecaaa32574a60ac33271fa9ad24c2d8117aa3"}, {"column_name": "MOBILE_CALLS", "column_counter_id": "88348b1eb1adfc6cf2a097204a6b85b757919609e7c90bd88c755cbcb3437089"}, {"column_name": "CALL_DATE", "column_counter_id": "19610c649d3b9c31554cd93dd363f922ef2d9cadc9fe9eccdbe1f1f47a1e88ff"}], "storage_location": "ANALYTICS"}, "INT_CUSTOMER_PER_CORRECT_LOCATION": {"columns": ["DELETED", "MRR_TOTAL", "END_DATE", "FULL_NAME", "SUBSCRIPTED_DATE", "CATEGORY", "BILLING_TYPE", "CUSTOMER_ID", "LOCATION_NAME", "STATUS"], "step_id": "0dfdff7b5dc34b01d68cc7601c9ac5cc9d6dd0799c0e1b6109fce56b08cc6a66", "columns_with_ids": [{"column_name": "*", "column_counter_id": "51b2b25b90058bc97dc32d1c39b0ce15cf80cd1cf7cc7c6629a128accef4ddb0"}, {"column_name": "BILLING_TYPE", "column_counter_id": "23c1129c509282455e3d1da33b45bf1830b8a274e4b9d59b5f80f61c4683acfe"}, {"column_name": "CATEGORY", "column_counter_id": "8d9c503af6a66617d39c1373398e25092e1dd4be0812df95d0195f2847627b3f"}, {"column_name": "CUSTOMER_ID", "column_counter_id": "1b206632c9886b06f4da5d36f464eccbdf5b87839f0c03820e7b09f5b68faf51"}, {"column_name": "DELETED", "column_counter_id": "023f7a4a543cb9b383c4bd55b3de2773448cf59367c755a49bc705760244d02b"}, {"column_name": "FULL_NAME", "column_counter_id": "939ed54a626579748426a3a959fa4e19a92e3b532abb09fe56ef6fe23dd70516"}, {"column_name": "LOCATION_NAME", "column_counter_id": "2103cfdcaceb8e47eef9dd1d02b23fc5145b13c94485e7547003880a5153854f"}, {"column_name": "MRR_TOTAL", "column_counter_id": "260dc6bbdb081f9c4998914d2d90bcef75ef6072271f2a523af97298718b6142"}, {"column_name": "STATUS", "column_counter_id": "cec4009f215af86649d5a755d6a04b6a8ecb97ffba9d1b22dce056064678f57d"}, {"column_name": "SUBSCRIPTED_DATE", "column_counter_id": "d98ffa6bb8974543fb34d3104edea28f50398f6a6225809df50cb82b86786f61"}, {"column_name": "END_DATE", "column_counter_id": "0211acbb0b2f1144bda97126544ce4f14dc29d761d9d7006b92dca1acf10bc1e"}], "storage_location": "ANALYTICS"}}