[{"DIM_CUSTOMERS": {"DBT_Entity_ID": "27FELAFQ7V94G01VKBKLLRID90", "coalesce_step_Id": "220c0e7dc8e52e7fa4fd2565eed6367071d674e28ca04c8f8a2d6e889b0aeaf9", "depends-on": ["STG_CUSTOMERS", "FCT_ORDERS"]}}, {"FCT_ORDERS": {"DBT_Entity_ID": "P4GBV2JNUIHEM2AOPKKQ6U92V", "coalesce_step_Id": "3996660bfc1545c9a8a6396bbdef83d56bc5e59a4040fff481617b8bf0057350", "depends-on": ["STG_ORDERS", "STG_PAYMENTS"]}}, {"INT_ORDERS__PIVOTED": {"DBT_Entity_ID": "2VR41GJS6B9GC9JMR4NF2IQUO1", "coalesce_step_Id": "6efc11dbde742e42639e8647739c9b1ec7be59c6fce2927128a954d2aedd81c6", "depends-on": ["STG_PAYMENTS"]}}, {"STG_CUSTOMERS": {"DBT_Entity_ID": "29DUOSU1TLLFKGOP1FIP7SUO3F", "coalesce_step_Id": "d2e3b16dd518fc5a30ac4fe0227b092e053968697743a2d84210fcf060f9a611", "depends-on": []}}, {"STG_ORDERS": {"DBT_Entity_ID": "6JFC2FOECLOK541THTSG9T5JGR", "coalesce_step_Id": "067c2f0ed5a4df97155a48ab031195849b3b5b5c5ccdf375ff92d222c703085b", "depends-on": []}}, {"STG_PAYMENTS": {"DBT_Entity_ID": "4INDJ0QBEFHO6TPVFNN8LOP2DV", "coalesce_step_Id": "c0641b1c47f16ae0224f47fafcecbc0fcbed3b5deca0dfcf8446ef3057f15e75", "depends-on": []}}]