[{"STG_PREP_CUSTOMERS": {"DBT_Entity_ID": "5UV726LOJMPF3M46GRI1JUNH9P", "coalesce_step_Id": "b74b683c4a8df0471640660dea753bb0418d2a4ceb3ec96a1e6ca4e2f4d4d25d", "depends-on": []}}, {"STG_CUSTOMERS": {"DBT_Entity_ID": "29DUOSU1TLLFKGOP1FIP7SUO3F", "coalesce_step_Id": "d177c19bbb9188449945ba85bdd4e1789dc15d945070851bd17a8ba0dc62c2bd", "depends-on": ["STG_PREP_CUSTOMERS", "STG_PREP_ORDERS"]}}, {"STG_PREP_ORDERS": {"DBT_Entity_ID": "226MB1DICFFKDHK8H048SVNHPK", "coalesce_step_Id": "51f74b36adee28eddca5a3bffc48e06e5b2ac2d8ed4be9047c6f423301f8a15c", "depends-on": []}}, {"STG_CUSTOMER_ID_51_100": {"DBT_Entity_ID": "4LSTQ2A5242GTPM0DKPH0211B3", "coalesce_step_Id": "26c828646178b12ce7628192b7fae1b44aa9bff6e966bd12da434b02f87dd1a6", "depends-on": ["STG_ORDERS_BY_MONTH"]}}, {"STG_ORDERS_BY_MONTH": {"DBT_Entity_ID": "6RIT8DQ58DURS51LQRRKFEGA93", "coalesce_step_Id": "84e02c78fd354a121974e00dc4906485c0431cc6a92b479cdaeb796cf2acf702", "depends-on": ["STG_CUSTOMERS"]}}, {"STG_CUSTOMER_ID_0_50": {"DBT_Entity_ID": "2F4OSV07KC2U4U8GC4DKFS47H3", "coalesce_step_Id": "73efff940143a132ae2d8020e299b7d09b000e7e17479479133822931fdb2e15", "depends-on": ["STG_ORDERS_BY_MONTH"]}}, {"STG_UNION_CUST_COUNT": {"DBT_Entity_ID": "526MK8FT31U28B8G9D6QEOVUSC", "coalesce_step_Id": "868fadcc0981337ef7a9bacf4da8ae239732bce144a5557d3da63167bfed55df", "depends-on": ["STG_CUSTOMER_ID_0_50", "STG_CUSTOMER_ID_51_100"]}}]