[{"BASE_ADMINS": {"DBT_Entity_ID": "QP52Q9PVJUNNTMOP49E64QNV2", "coalesce_step_Id": "fbdb5da83c220e3856ca88e906ada205dce6ce3130f457814d029eb1b3156bc9", "depends-on": []}}, {"BASE_LOCATIONS": {"DBT_Entity_ID": "7A8EBQJLTO16RCAE39LFNN7HVN", "coalesce_step_Id": "aea3ba49fe8ba292fa78d93ecf3292b5f985819303f933c763df19d3cfed33a0", "depends-on": []}}, {"BASE_PAYMENT_TYPE": {"DBT_Entity_ID": "5UVRUHO5O086UU7MK387O80QRQ", "coalesce_step_Id": "05f097f37df0addc703dd869f2ca085d190eadfb36904cc5f04373ac2532e565", "depends-on": []}}, {"SUBSCRIPTION_PERIODS": {"DBT_Entity_ID": "252TKD697BDJ6I6D1J6H75UMKV", "coalesce_step_Id": "29fc4399f5a47210131676eabb9eb8aefecb262db43e90fe5d15cfac13ddb85d", "depends-on": ["INT_CUSTOMER_PER_CORRECT_LOCATION", "INT_PAYMENTS_WITH_METHODS"]}}, {"INT_PAYMENTS_WITH_METHODS": {"DBT_Entity_ID": "57ABKMQUHJST8JVOFOEP2RBGT4", "coalesce_step_Id": "2476fe9d05b9c0cc7980f3159944a7870d97b2d8cbfbcc04845771757d142fc5", "depends-on": ["STG_PAYMENTS", "BASE_PAYMENT_TYPE"]}}, {"STG_PAYMENTS": {"DBT_Entity_ID": "678PF61AQJ9HORC58U7FQF6AII", "coalesce_step_Id": "26445f866e4711a93f8ce99c91ed55166f7bfb0cbf966d58da3826f6e0c258c4", "depends-on": []}}, {"TOP_CALLERS": {"DBT_Entity_ID": "LLTR5H61B7QT6MOOE1VE906AH", "coalesce_step_Id": "7e7a95b113be14dfc3ae7ead76b6c86de55693a2ab00be3a4497d7a760962371", "depends-on": ["INT_CUSTOMER_CALLS"]}}, {"STG_TICKETS": {"DBT_Entity_ID": "1QF5T5DHQ1JVPBQVMM9GFA5GA7", "coalesce_step_Id": "40b25aba0f6068f157438d6bfc362b19e561d7007c020e58f6f763b69980d7d4", "depends-on": []}}, {"INT_TICKETS_WITH_ADMIN_NAMES": {"DBT_Entity_ID": "4RHTN087BKAM55RI1EK6ERE0M6", "coalesce_step_Id": "6c10805432500abcace09db81e7cc0f41a2a2eab6a462a7028265a969947193f", "depends-on": ["STG_TICKETS", "BASE_ADMINS"]}}, {"STG_CALLS": {"DBT_Entity_ID": "316MJQGH7TVIJQLO1MAEDAGDRE", "coalesce_step_Id": "e3c66d8991989ed7e0a2c64ae2e116efadfcd16b4f2e442c758df4f4fa0cc56f", "depends-on": []}}, {"INT_CUSTOMER_PER_CORRECT_LOCATION": {"DBT_Entity_ID": "1470LOF278Q0KLSRO4HDJU33Q0", "coalesce_step_Id": "0dfdff7b5dc34b01d68cc7601c9ac5cc9d6dd0799c0e1b6109fce56b08cc6a66", "depends-on": ["STG_CUSTOMERS", "BASE_LOCATIONS"]}}, {"STG_CUSTOMERS": {"DBT_Entity_ID": "64P5ONRQPTF6UME4F352H62PMJ", "coalesce_step_Id": "5b754ad91f891ff6a10e11051f71a67a6e0aa1fd5d5b6290ac4102727825bfbe", "depends-on": []}}, {"INT_CUSTOMER_CALLS": {"DBT_Entity_ID": "17H8FHCTV3E3U1HF35MF4U6K54", "coalesce_step_Id": "5bf2f2e5d24da48802ad7a0839eac7b5eb47ea2d3ce1a582944a59363b60ef9a", "depends-on": ["STG_CALLS", "INT_CUSTOMER_PER_CORRECT_LOCATION"]}}]