{"CUSTOMERS": {"column_name": [], "dbt_entity_id": "7CQMSKNL7UOV8JFDR07HBOKDKG", "schema": "DBO", "database": "POCSKYTRENDDB", "source_name": "CUSTOMERS", "step_id": "6abbd84b761b0b4d534b2b8d99486b39cf65482dbdbeefa6a2dde9fa7e67dc16"}, "PAYMENTS": {"column_name": [], "dbt_entity_id": "3MD4MCJBFEU0VMG6V87GPG290U", "schema": "DBO", "database": "POCSKYTRENDDB", "source_name": "PAYMENTS", "step_id": "48979bd0a48ed3b902a86d72cfad41dbc2879a6e8f321dd840c6543bb0f2a86b"}, "CALLS": {"column_name": [], "dbt_entity_id": "6218VPDT0D9RL7N0M88KADG4O6", "schema": "DBO", "database": "POCSKYTRENDDB", "source_name": "CALLS", "step_id": "086520f08ce8c7f5bb8023785049fe45afa36dba31c578866459e4cee22498c9"}, "TICKETS": {"column_name": [], "dbt_entity_id": "3TK76IJ5SUJ41KD3JC5431F803", "schema": "DBO", "database": "POCSKYTRENDDB", "source_name": "TICKETS", "step_id": "9715aa36e04ee8b3448cff740f869ed9761082d16579b77a3268ee80d07d0bcc"}, "LOCATIONS": {"column_name": [], "dbt_entity_id": "7UJU9VC451N4QLTF91FRUOE5HH", "schema": "DBO", "database": "POCSKYTRENDDB", "source_name": "LOCATIONS", "step_id": "cd0b6a62d5a924f57b6a86a2b0f375ca0be06afa3642fdec05bd0201617f7ffd"}, "PAYMENT_TYPE": {"column_name": [], "dbt_entity_id": "3IETJ5HE3TD4I8HII2R48AKPCR", "schema": "DBO", "database": "POCSKYTRENDDB", "source_name": "PAYMENT_TYPE", "step_id": "0204c288aba54860470db8a4d72af481d2a97da279ba8a417ca472bee1747945"}, "ADMINS": {"column_name": [], "dbt_entity_id": "4SSU779KPQTKVV2RK58O1NTR9H", "schema": "DBO", "database": "POCSKYTRENDDB", "source_name": "ADMINS", "step_id": "ee89780802d2ab6793c3e2db1c257d7e760625b5de3ac650b004c2ea790fd367"}}