{"CUSTOMERS": {"column_name": [{"name": "FIRST_NAME", "col_description": "", "dbt_column_id": "50VTRSPHJ8G6TCAGEEJ10CNVAP", "datatype": "", "column_id": "361085689750b75cddcaa89e5a26ee0bd10e2bd0b7d566716fa9186784365afd", "alias": "FIRST_NAME"}, {"name": "ID", "col_description": "", "dbt_column_id": "4UDDK4EGJHLQO16N21R7DVUDC1", "datatype": "", "column_id": "c844279ef84a509dd173d279a32e48dd170dc2685a2298196b6a3128cfbc9660", "alias": "CUSTOMER_ID"}, {"name": "LAST_NAME", "col_description": "", "dbt_column_id": "1VKA2U06LUKD81Q5EP5PPDE5R9", "datatype": "", "column_id": "c28a8d79652c2b31e4a4c4ccfbdd85b675cec4b08c98585ce6b82e0df7887410", "alias": "LAST_NAME"}], "dbt_entity_id": "1KVTMDMCISIOUEODJSK1MPKJF0", "schema": "JAFFLE_SHOP", "database": "RAW", "source_name": "CUSTOMERS", "step_id": "80f419e7f68f545805695210dd9543ea675f365ee2e13bdf7a3b2e4192bd260a"}, "ORDERS": {"column_name": [{"name": "AMOUNT", "col_description": "", "dbt_column_id": "6RRQBH1DOL22P1QK2C894V903B", "datatype": "", "column_id": "85d90f0c91956ef65b111c142ac37ef21374d7fcbe8197ad23741928b5cb3579", "alias": "AMOUNT"}, {"name": "ID", "col_description": "", "dbt_column_id": "7O54NLINLBQJN0M5KV9U9SJQ29", "datatype": "", "column_id": "fa2db5c57c55715afcce85589a88b628aad71289b7f69b67d57ae4829be91793", "alias": "ORDER_ID"}, {"name": "ORDER_DATE", "col_description": "", "dbt_column_id": "623LK9MKHBSO5KO7KV61CHJ458", "datatype": "", "column_id": "ae54970fa7055d82969a23968bc234195cd54fb3730db39de2be94c91deca327", "alias": "ORDER_DATE"}, {"name": "STATUS", "col_description": "", "dbt_column_id": "55BQPMJ0DD2M6UOMOOUOA8D5LM", "datatype": "", "column_id": "1536001f0ca104f58ded64e14258b71a49d579f151d7aa8d0e3a545a3dd5eaac", "alias": "STATUS"}, {"name": "USER_ID", "col_description": "", "dbt_column_id": "6QRIUB8M5DUD50SN7I57JC454G", "datatype": "", "column_id": "0d58dae788e341ebaa212844b543c027594bf79c8ceab4c2de6159b1aa4784b7", "alias": "CUSTOMER_ID"}], "dbt_entity_id": "108HJIIT49F5L45VOQ8QA47PL5", "schema": "JAFFLE_SHOP", "database": "RAW", "source_name": "ORDERS", "step_id": "53b0122a1e825b2d24899dffdf8857c52abba5cf3617a816f22d5afaa49ee7ab"}}